INSERT INTO address(id, name, latitude, longitude)
VALUES (1, 'RUA ALICE MENEZES DOS SANTOS, 45', '-7.2556841','-35.927565');

INSERT INTO address(id, name, latitude, longitude)
VALUES (2, 'RUA QUEBRA QUILOS, 47',  '-7.2209854', '-35.8777024');

INSERT INTO address(id, name, latitude, longitude)
VALUES (3, 'RUA JOAO ALVES DE OLIVEIRA, 327',  '-7.2132129', '-35.8865126');

INSERT INTO address(id, name, latitude, longitude)
VALUES (4, 'RUA EPITACIO PESSOA, 350',  '-7.2141857', '-35.8903657');

INSERT INTO address(id, name, latitude, longitude)
VALUES (5, 'RUA DR VASCONCELOS, 127',  '-7.2113462', '-35.8859378');

INSERT INTO address(id, name, latitude, longitude)
VALUES (6, 'RUA TAVARES CAVALCANTE, 655 TERREO',  '-7.217841', '-35.8783067');

INSERT INTO address(id, name, latitude, longitude)
VALUES (7, 'AVENIDA PROFESSOR ALMEIDA BARRETO, 201',  '-7.2276026', '-35.8883221');

INSERT INTO address(id, name, latitude, longitude)
VALUES (8, 'RUA JOAO SUASSUNA, 579',  '-7.2152638', '-35.8926009');

INSERT INTO address(id, name, latitude, longitude)
VALUES (9, 'EPP	RUA ISABEL BARBOSA DE ARAUJO, SN',  '-7.2479035', '-35.8723009');

INSERT INTO address(id, name, latitude, longitude)
VALUES (10, 'RUA EPITACIO PESSOA, 385',  '-7.2187815', '-35.8971312');

INSERT INTO address(id, name, latitude, longitude)
VALUES (11, 'AVENIDA FRANCISCO LOPES DE ALMEIDA, 1665',  '-7.2510938', '-35.9283333');

INSERT INTO address(id, name, latitude, longitude)
VALUES (12, 'AVENIDA DEPUTADO RAIMUNDO ASFORA, SN',  '-7.2489272', '-35.92124');

INSERT INTO address(id, name, latitude, longitude)
VALUES (13, 'AVENIDA PRESIDENTE JUSCELINO KUBITSCHEK, 3000',  '-7.2612248', '-35.9142955');

INSERT INTO gas_station(id, name, address_id)
VALUES (1, 'R & A COMERCIO DE COMBUSTIVEIS LTDA', 1);

INSERT INTO gas_station(id, name, address_id)
VALUES (2, 'A. SOUZA FECHINE & CIA LTDA', 2);

INSERT INTO gas_station(id, name, address_id)
VALUES (3, 'COMERCIAL DE COMBUSTIVEIS BORBOREMA LTDA', 3);

INSERT INTO gas_station(id, name, address_id)
VALUES (4, 'W A BARRETO E CIA LTDA', 4);

INSERT INTO gas_station(id, name, address_id)
VALUES (5, 'POSTO DE COMBUSTIVEIS ANEL DO BREJO LTDA', 5);

INSERT INTO gas_station(id, name, address_id)
VALUES (6, 'F SANTOS & CIA LTDA', 6);

INSERT INTO gas_station(id, name, address_id)
VALUES (7, 'POSTO DE COMBUSTÍVEIS MARÍLIA LTDA', 7);

INSERT INTO gas_station(id, name, address_id)
VALUES (8, 'COMERCIAL DE COMBUSTIVEIS NORDESTE LTDA', 8);

INSERT INTO gas_station(id, name, address_id)
VALUES (9, 'GS COMERCIO DE COMBUSTIVEIS E LUBRIFICANTES LTDA', 9);

INSERT INTO gas_station(id, name, address_id)
VALUES (10, 'JOSEFA VANIA MEIRA DE FREITAS;	RUA EPITACIO PESSOA', 10);

INSERT INTO gas_station(id, name, address_id)
VALUES (11, 'DJ COMBUSTIVEIS LTDA;	AVENIDA FRANCISCO LOPES DE ALMEIDA', 11);

INSERT INTO gas_station(id, name, address_id)
VALUES (12, 'BARROS COMERCIO DE COMBUSTIVEL E CONVENIENCIA LTDA', 12);

INSERT INTO gas_station(id, name, address_id)
VALUES (13, 'RODOPARAIBA COMERCIO DE COMBUSTIVEIS LTDA', 13);

INSERT INTO fuel (id, name)
VALUES (1, 'GASOLINA COMUM');

INSERT INTO fuel (id, name)
VALUES (2, 'GLP');

INSERT INTO fuel (id, name)
VALUES (3, 'OLEO DIESEL S10');

INSERT INTO fuel (id, name)
VALUES (4, 'OLEO DIESEL');

INSERT INTO fuel (id, name)
VALUES (5, 'GASOLINA ADITIVADA');

INSERT INTO fuel (id, name)
VALUES (6, 'ETANOL HIDRATADO');

INSERT INTO fuel (id, name)
VALUES (7, 'GNV');
